source,title,price,rating,category,availability
books.toscrape,a light in the attic,51.77,3.0,poetry,in stock
books.toscrape,tipping the velvet,53.74,1.0,historical fiction,in stock
books.toscrape,soumission,50.1,1.0,fiction,in stock
books.toscrape,sharp objects,47.82,4.0,mystery,in stock
books.toscrape,sapiens a brief history of humankind,54.23,5.0,history,in stock
books.toscrape,the requiem red,22.65,1.0,young adult,in stock
books.toscrape,the dirty little secrets of getting your dream job,33.34,4.0,business,in stock
books.toscrape,the coming woman a novel based on the life of the infamous feminist victoria woodhull,17.93,3.0,default,in stock
books.toscrape,the boys in the boat nine americans and their epic quest for gold at the 1936 berlin olympics,22.6,4.0,default,in stock
books.toscrape,the black maria,52.15,1.0,poetry,in stock
books.toscrape,starving hearts triangular trade trilogy 1,13.99,2.0,default,in stock
books.toscrape,shakespeares sonnets,20.66,4.0,poetry,in stock
books.toscrape,set me free,17.46,5.0,young adult,in stock
books.toscrape,scott pilgrims precious little life scott pilgrim 1,52.29,5.0,sequential art,in stock
books.toscrape,rip it up and start again,35.02,5.0,music,in stock
books.toscrape,our band could be your life scenes from the american indie underground 19811991,57.25,3.0,music,in stock
books.toscrape,olio,23.88,1.0,poetry,in stock
books.toscrape,mesaerion the best science fiction stories 18001849,37.59,1.0,science fiction,in stock
books.toscrape,libertarianism for beginners,51.33,2.0,politics,in stock
books.toscrape,its only the himalayas,45.17,2.0,travel,in stock
books.toscrape,in her wake,12.84,1.0,thriller,in stock
books.toscrape,how music works,37.32,2.0,music,in stock
books.toscrape,foolproof preserving a guide to small batch jams jellies pickles condiments and more a foolproof guide to making small batch jams jellies pickles condiments and more,30.52,3.0,food and drink,in stock
books.toscrape,chase me paris nights 2,25.27,5.0,romance,in stock
books.toscrape,black dust,34.53,5.0,romance,in stock
books.toscrape,birdsong a story in pictures,54.64,3.0,childrens,in stock
books.toscrape,americas cradle of quarterbacks western pennsylvanias football factory from johnny unitas to joe montana,22.5,3.0,default,in stock
books.toscrape,aladdin and his wonderful lamp,53.13,3.0,default,in stock
books.toscrape,worlds elsewhere journeys around shakespeares globe,40.3,5.0,nonfiction,in stock
books.toscrape,wall and piece,44.18,4.0,art,in stock
books.toscrape,the four agreements a practical guide to personal freedom,17.66,5.0,spirituality,in stock
books.toscrape,the five love languages how to express heartfelt commitment to your mate,31.05,3.0,nonfiction,in stock
books.toscrape,the elephant tree,23.82,5.0,thriller,in stock
books.toscrape,the bear and the piano,36.89,1.0,childrens,in stock
books.toscrape,sophies world,15.94,5.0,philosophy,in stock
books.toscrape,penny maybe,33.29,3.0,default,in stock
books.toscrape,maude 18831993she grew up with the country,18.02,2.0,default,in stock
books.toscrape,in a dark dark wood,19.63,1.0,mystery,in stock
books.toscrape,behind closed doors,52.22,4.0,thriller,in stock
books.toscrape,you cant bury them all poems,33.63,2.0,poetry,in stock
books.toscrape,slow states of collapse poems,57.31,3.0,poetry,in stock
books.toscrape,reasons to stay alive,26.41,2.0,nonfiction,in stock
books.toscrape,private paris private 10,47.61,5.0,fiction,in stock
books.toscrape,higherselfie wake up your life free your soul find your tribe,23.11,5.0,nonfiction,in stock
books.toscrape,without borders wanderlove 1,45.07,2.0,new adult,in stock
books.toscrape,when we collided,31.77,1.0,contemporary,in stock
books.toscrape,we love you charlie freeman,50.27,5.0,fiction,in stock
books.toscrape,untitled collection sabbath poems 2014,14.27,4.0,poetry,in stock
books.toscrape,unseen city the majesty of pigeons the discreet charm of snails  other wonders of the urban wilderness,44.18,4.0,nonfiction,in stock
books.toscrape,unicorn tracks,18.78,3.0,fantasy,in stock
books.toscrape,unbound how eight technologies made us human transformed society and brought our world to the brink,25.52,1.0,history,in stock
books.toscrape,tsubasa world chronicle 2 tsubasa world chronicle 2,16.28,1.0,sequential art,in stock
books.toscrape,throwing rocks at the google bus how growth became the enemy of prosperity,31.12,3.0,nonfiction,in stock
books.toscrape,this one summer,19.49,4.0,sequential art,in stock
books.toscrape,thirst,17.27,5.0,fiction,in stock
books.toscrape,the torch is passed a harding family story,19.09,1.0,add a comment,in stock
books.toscrape,the secret of dreadwillow carse,56.13,1.0,childrens,in stock
books.toscrape,the pioneer woman cooks dinnertime comfort classics freezer food 16minute meals and other delicious ways to solve supper,56.41,1.0,food and drink,in stock
books.toscrape,the past never ends,56.5,4.0,mystery,in stock
books.toscrape,the natural history of us the fine art of pretending 2,45.22,3.0,young adult,in stock
books.toscrape,the nameless city the nameless city 1,38.16,4.0,sequential art,in stock
books.toscrape,the murder that never was forensic instincts 5,54.11,3.0,fiction,in stock
books.toscrape,the most perfect thing inside and outside a birds egg,42.96,4.0,science,in stock
books.toscrape,the mindfulness and acceptance workbook for anxiety a guide to breaking free from anxiety phobias and worry using acceptance and commitment therapy,23.89,4.0,add a comment,in stock
books.toscrape,the lifechanging magic of tidying up the japanese art of decluttering and organizing,16.77,3.0,nonfiction,in stock
books.toscrape,the inefficiency assassin time management tactics for working smarter not longer,20.59,5.0,default,in stock
books.toscrape,the gutsy girl escapades for your life of epic adventure,37.13,1.0,nonfiction,in stock
books.toscrape,the electric pencil drawings from inside state hospital no 3,56.06,1.0,nonfiction,in stock
books.toscrape,the death of humanity and the case for life,58.11,4.0,philosophy,in stock
books.toscrape,the bulletproof diet lose up to a pound a day reclaim energy and focus upgrade your life,49.05,3.0,health,in stock
books.toscrape,the art forger,40.76,3.0,add a comment,in stock
books.toscrape,the age of genius the seventeenth century and the birth of the modern mind,19.73,1.0,history,in stock
books.toscrape,the activists tao te ching ancient advice for a modern revolution,32.24,5.0,spirituality,in stock
books.toscrape,spark joy an illustrated master class on the art of organizing and tidying up,41.83,4.0,nonfiction,in stock
books.toscrape,soul reader,39.58,2.0,default,in stock
books.toscrape,security,39.25,2.0,horror,in stock
books.toscrape,saga volume 6 saga collected editions 6,25.02,3.0,fantasy,in stock
books.toscrape,saga volume 5 saga collected editions 5,51.04,2.0,sequential art,in stock
books.toscrape,reskilling america learning to labor in the twentyfirst century,19.83,2.0,nonfiction,in stock
books.toscrape,rat queens vol 3 demons rat queens collected editions 1115,50.4,3.0,sequential art,in stock
books.toscrape,princess jellyfish 2in1 omnibus vol 01 princess jellyfish 2in1 omnibus 1,13.61,5.0,sequential art,in stock
books.toscrape,princess between worlds wideawake princess 5,13.34,5.0,fantasy,in stock
books.toscrape,pop gun war volume 1 gift,18.97,1.0,sequential art,in stock
books.toscrape,political suicide missteps peccadilloes bad calls backroom hijinx sordid pasts rotten breaks and just plain dumb mistakes in the annals of american politics,36.28,2.0,history,in stock
books.toscrape,patience,10.16,3.0,sequential art,in stock
books.toscrape,outcast vol 1 a darkness surrounds him outcast 1,15.44,4.0,sequential art,in stock
books.toscrape,orange the complete collection 1 orange the complete collection 1,48.41,1.0,sequential art,in stock
books.toscrape,online marketing for busy authors a stepbystep guide,46.35,1.0,self help,in stock
books.toscrape,on a midnight clear,14.07,3.0,add a comment,in stock
books.toscrape,obsidian lux 1,14.86,2.0,young adult,in stock
books.toscrape,my paris kitchen recipes and stories,33.37,2.0,food and drink,in stock
books.toscrape,masks and shadows,56.4,2.0,fantasy,in stock
books.toscrape,mama tried traditional italian cooking for the screwed crude vegan and tattooed,14.02,4.0,food and drink,in stock
books.toscrape,lumberjanes vol 2 friendship to the max lumberjanes 58,46.91,2.0,sequential art,in stock
books.toscrape,lumberjanes vol 1 beware the kitten holy lumberjanes 14,45.61,3.0,sequential art,in stock
books.toscrape,lumberjanes vol 3 a terrible plan lumberjanes 912,19.92,2.0,sequential art,in stock
books.toscrape,layered baking building and styling spectacular cakes,40.11,1.0,food and drink,in stock
books.toscrape,judo seven steps to black belt an introductory guide for beginners,53.9,2.0,add a comment,in stock
books.toscrape,join,35.67,5.0,science fiction,in stock
books.toscrape,in the country we love my family divided,22.0,4.0,nonfiction,in stock
books.toscrape,immunity how elie metchnikoff changed the course of modern medicine,57.36,5.0,science,in stock
books.toscrape,i hate fairyland vol 1 madly ever after i hate fairyland compilations 15,29.17,2.0,sequential art,in stock
books.toscrape,i am a hero omnibus volume 1,54.63,3.0,sequential art,in stock
books.toscrape,how to be miserable 40 strategies you already use,46.03,1.0,self help,in stock
books.toscrape,her backup boyfriend the sorensen family 1,33.97,1.0,romance,in stock
books.toscrape,giant days vol 2 giant days 58,22.11,2.0,sequential art,in stock
books.toscrape,forever and forever the courtship of henry longfellow and fanny appleton,29.69,3.0,historical fiction,in stock
books.toscrape,first and first five boroughs 3,15.97,4.0,romance,in stock
books.toscrape,fifty shades darker fifty shades 2,21.96,1.0,romance,in stock
books.toscrape,everydata the misinformation hidden in the little data you consume every day,54.35,2.0,nonfiction,in stock
books.toscrape,dont be a jerk and other practical advice from dogen japans greatest zen master,37.97,2.0,religion,in stock
books.toscrape,danganronpa volume 1,51.99,4.0,sequential art,in stock
books.toscrape,crown of midnight throne of glass 2,43.29,3.0,fantasy,in stock
books.toscrape,codename baboushka volume 1 the conclave of death,36.72,4.0,sequential art,in stock
books.toscrape,camp midnight,17.08,4.0,sequential art,in stock
books.toscrape,call the nurse true stories of a country nurse on a scottish isle,29.14,5.0,nonfiction,in stock
books.toscrape,burning,28.81,3.0,young adult,in stock
books.toscrape,bossypants,49.46,2.0,default,in stock
books.toscrape,bitch planet vol 1 extraordinary machine bitch planet collected editions,37.92,2.0,sequential art,in stock
books.toscrape,avatar the last airbender smoke and shadow part 3 smoke and shadow 3,28.09,2.0,fantasy,in stock
books.toscrape,algorithms to live by the computer science of human decisions,30.81,1.0,nonfiction,in stock
books.toscrape,a world of flavor your gluten free passport,42.95,1.0,default,in stock
books.toscrape,a piece of sky a grain of rice a memoir in four meditations,56.76,5.0,default,in stock
books.toscrape,a murder in time,16.64,1.0,mystery,in stock
books.toscrape,a flight of arrows the pathfinders 2,55.53,5.0,historical fiction,in stock
books.toscrape,a fierce and subtle poison,28.13,4.0,young adult,in stock
books.toscrape,a court of thorns and roses a court of thorns and roses 1,52.37,1.0,fantasy,in stock
books.toscrape,unqualified how god uses broken people to do big things,54.0,5.0,christian,in stock
books.toscrape,you are what you love the spiritual power of habit,21.87,4.0,religion,in stock
books.toscrape,william shakespeares star wars verily a new hope william shakespeares star wars 4,43.3,4.0,science fiction,in stock
books.toscrape,tuesday nights in 1980,21.04,2.0,fiction,in stock
books.toscrape,tracing numbers on a train,41.6,3.0,default,in stock
books.toscrape,throne of glass throne of glass 1,35.07,3.0,fantasy,in stock
books.toscrape,thomas jefferson and the tripoli pirates the forgotten war that changed american history,59.64,1.0,history,in stock
books.toscrape,thirteen reasons why,52.72,1.0,default,in stock
books.toscrape,the white cat and the monk a retelling of the poem pangur bn,58.08,4.0,childrens,in stock
books.toscrape,the wedding dress,24.12,1.0,romance,in stock
books.toscrape,the vacationers,42.15,4.0,fiction,in stock
books.toscrape,the third wave an entrepreneurs vision of the future,12.61,5.0,business,in stock
books.toscrape,the stranger,17.44,4.0,philosophy,in stock
books.toscrape,the shadow hero the shadow hero,33.14,1.0,sequential art,in stock
books.toscrape,the secret the secret 1,27.37,4.0,default,in stock
books.toscrape,the regional office is under attack,51.36,5.0,fiction,in stock
books.toscrape,the psychopath test a journey through the madness industry,36.0,2.0,default,in stock
books.toscrape,the project,10.65,1.0,science fiction,in stock
books.toscrape,the power of now a guide to spiritual enlightenment,43.54,2.0,nonfiction,in stock
books.toscrape,the omnivores dilemma a natural history of four meals,38.21,2.0,nonfiction,in stock
books.toscrape,the nerdy nummies cookbook sweet treats for the geek in all of us,37.34,5.0,food and drink,in stock
books.toscrape,the murder of roger ackroyd hercule poirot 4,44.1,4.0,mystery,in stock
books.toscrape,the mistake offcampus 2,43.29,3.0,new adult,in stock
books.toscrape,the matchmakers playbook wingmen inc 1,55.85,1.0,new adult,in stock
books.toscrape,the love and lemons cookbook an appletozucchini celebration of impromptu cooking,37.6,2.0,food and drink,in stock
books.toscrape,the long shadow of small ghosts murder and memory in an american city,10.97,1.0,crime,in stock
books.toscrape,the kite runner,41.82,4.0,default,in stock
books.toscrape,the house by the lake,36.95,1.0,historical fiction,in stock
books.toscrape,the glittering court the glittering court 1,44.28,1.0,fantasy,in stock
books.toscrape,the girl on the train,55.02,2.0,default,in stock
books.toscrape,the genius of birds,17.24,1.0,nonfiction,in stock
books.toscrape,the emerald mystery,23.15,2.0,default,in stock
books.toscrape,the cookies  cups cookbook 125 sweet  savory recipes reminding you to always eat dessert first,41.25,1.0,food and drink,in stock
books.toscrape,the bridge to consciousness im writing the bridge between science and our old and new beliefs,32.0,3.0,default,in stock
books.toscrape,the artists way a spiritual path to higher creativity,38.49,5.0,nonfiction,in stock
books.toscrape,the art of war,33.34,5.0,default,in stock
books.toscrape,the argonauts,10.93,2.0,autobiography,in stock
books.toscrape,the 10 entrepreneur live your startup dream without quitting your day job,27.55,3.0,business,in stock
books.toscrape,suddenly in love lake haven 1,55.99,2.0,romance,in stock
books.toscrape,something more than this,16.24,4.0,romance,in stock
books.toscrape,soft apocalypse,26.12,2.0,science fiction,in stock
books.toscrape,so youve been publicly shamed,12.23,2.0,nonfiction,in stock
books.toscrape,shoe dog a memoir by the creator of nike,23.99,2.0,business,in stock
books.toscrape,shobu samurai project aryoku 3,29.06,3.0,add a comment,in stock
books.toscrape,secrets and lace fatal hearts 1,20.27,1.0,default,in stock
books.toscrape,scarlett epstein hates it here,43.55,5.0,young adult,in stock
books.toscrape,romero and juliet a tragic tale of love and zombies,36.94,1.0,default,in stock
books.toscrape,redeeming love,20.47,5.0,christian fiction,in stock
books.toscrape,poses for artists volume 1  dynamic and sitting poses an essential reference for figure drawing and the human form,41.06,1.0,default,in stock
books.toscrape,poems that make grown women cry,14.19,4.0,poetry,in stock
books.toscrape,nightingale sing,38.28,1.0,young adult,in stock
books.toscrape,night sky with exit wounds,41.05,1.0,poetry,in stock
books.toscrape,mrs houdini,30.25,5.0,historical fiction,in stock
books.toscrape,modern romance,28.26,5.0,add a comment,in stock
books.toscrape,miss peregrines home for peculiar children miss peregrines peculiar children 1,10.76,1.0,default,in stock
books.toscrape,louisa the extraordinary life of mrs adams,16.85,2.0,biography,in stock
books.toscrape,little red,13.47,3.0,childrens,in stock
books.toscrape,library of souls miss peregrines peculiar children 3,48.56,5.0,young adult,in stock
books.toscrape,large print heart of the pride,19.15,2.0,default,in stock
books.toscrape,i had a nice time and other lies how to find love  sht like that,57.36,4.0,womens fiction,in stock
books.toscrape,hollow city miss peregrines peculiar children 2,42.98,1.0,fantasy,in stock
books.toscrape,grumbles,22.16,2.0,default,in stock
books.toscrape,full moon over noahs ark an odyssey to mount ararat and beyond,49.43,4.0,travel,in stock
books.toscrape,frostbite vampire academy 2,29.99,5.0,young adult,in stock
books.toscrape,follow you home,21.36,1.0,horror,in stock
books.toscrape,first steps for new christians print edition,29.0,1.0,default,in stock
books.toscrape,finders keepers bill hodges trilogy 2,53.53,5.0,fiction,in stock
books.toscrape,fables vol 1 legends in exile fables 1,41.62,4.0,sequential art,in stock
books.toscrape,eureka trivia 60,54.59,4.0,default,in stock
books.toscrape,drive the surprising truth about what motivates us,34.95,4.0,default,in stock
books.toscrape,done rubbed out reightman  bailey 1,37.72,5.0,default,in stock
books.toscrape,doing it over most likely to 1,35.61,3.0,romance,in stock
books.toscrape,deliciously ella every day quick and easy recipes for glutenfree snacks packed lunches and simple meals,42.16,3.0,food and drink,in stock
books.toscrape,dark notes,19.19,5.0,erotica,in stock
books.toscrape,daring greatly how the courage to be vulnerable transforms the way we live love parent and lead,19.43,3.0,nonfiction,in stock
books.toscrape,close to you,49.46,4.0,christian fiction,in stock
books.toscrape,chasing heaven what dying taught me about living,37.8,2.0,spirituality,in stock
books.toscrape,big magic creative living beyond fear,30.8,3.0,nonfiction,in stock
books.toscrape,becoming wise an inquiry into the mystery and art of living,27.43,2.0,nonfiction,in stock
books.toscrape,beauty restored riley family legacy novellas 3,11.11,2.0,default,in stock
books.toscrape,batman the long halloween batman,36.5,2.0,sequential art,in stock
books.toscrape,batman the dark knight returns batman,15.38,5.0,sequential art,in stock
books.toscrape,ayumis violin,15.48,2.0,default,in stock
books.toscrape,anonymous,46.82,4.0,default,in stock
books.toscrape,amy meets the saints and sages,18.46,3.0,default,in stock
books.toscrape,amid the chaos,36.58,1.0,cultural,in stock
books.toscrape,amatus,50.54,5.0,default,in stock
books.toscrape,agnostic a spirited manifesto,12.51,5.0,nonfiction,in stock
books.toscrape,zealot the life and times of jesus of nazareth,24.7,3.0,history,in stock
books.toscrape,you you 1,43.61,5.0,thriller,in stock
books.toscrape,wonder woman earth one volume one wonder woman earth one 1,37.34,4.0,sequential art,in stock
books.toscrape,wild swans,14.36,2.0,young adult,in stock
books.toscrape,why the right went wrong conservatismfrom goldwater to the tea party and beyond,52.65,4.0,politics,in stock
books.toscrape,whole lotta creativity going on 60 fun and unusual exercises to awaken and strengthen your creativity,38.2,4.0,nonfiction,in stock
books.toscrape,whats it like in space stories from astronauts whove been there,19.6,2.0,nonfiction,in stock
books.toscrape,we are robin vol 1 the vigilante business we are robin 1,53.9,1.0,sequential art,in stock
books.toscrape,walt disneys alice in wonderland,12.96,5.0,childrens,in stock
books.toscrape,v for vendetta v for vendetta complete,37.1,4.0,default,in stock
books.toscrape,until friday night the field party 1,46.31,2.0,young adult,in stock
books.toscrape,unbroken a world war ii story of survival resilience and redemption,45.95,2.0,default,in stock
books.toscrape,twenty yawns,22.08,2.0,childrens,in stock
books.toscrape,through the woods,25.38,2.0,sequential art,in stock
books.toscrape,this is where it ends,27.12,2.0,young adult,in stock
books.toscrape,the year of magical thinking,43.04,2.0,nonfiction,in stock
books.toscrape,the wright brothers,56.8,4.0,default,in stock
books.toscrape,the white queen the cousins war 1,25.91,5.0,add a comment,in stock
books.toscrape,the wedding pact the omalleys 2,32.61,3.0,romance,in stock
books.toscrape,the time keeper,27.88,5.0,fiction,in stock
books.toscrape,the testament of mary,52.67,4.0,fiction,in stock
books.toscrape,the startouched queen,46.02,5.0,fantasy,in stock
books.toscrape,the songs of the gods,44.48,5.0,default,in stock
books.toscrape,the song of achilles,37.4,5.0,add a comment,in stock
books.toscrape,the rosie project don tillman 1,54.04,1.0,default,in stock
books.toscrape,the power of habit why we do what we do in life and business,16.88,3.0,default,in stock
books.toscrape,the marriage of opposites,28.08,4.0,historical fiction,in stock
books.toscrape,the lucifer effect understanding how good people turn evil,10.4,1.0,psychology,in stock
books.toscrape,the long haul diary of a wimpy kid 9,44.07,1.0,humor,in stock
books.toscrape,the loney,23.4,1.0,horror,in stock
books.toscrape,the literature book big ideas simply explained,17.43,3.0,nonfiction,in stock
books.toscrape,the last mile amos decker 2,54.21,2.0,mystery,in stock
books.toscrape,the immortal life of henrietta lacks,40.67,2.0,add a comment,in stock
books.toscrape,the hidden oracle the trials of apollo 1,52.26,2.0,fantasy,in stock
books.toscrape,the help yourself cookbook for kids 60 easy plantbased recipes kids can make to stay healthy and save the earth,28.77,3.0,food and drink,in stock
books.toscrape,the guilty will robie 4,13.82,2.0,thriller,in stock
books.toscrape,the first hostage jb collins 2,25.85,3.0,fiction,in stock
books.toscrape,the dovekeepers,48.78,1.0,add a comment,in stock
books.toscrape,the darkest lie,35.35,5.0,young adult,in stock
books.toscrape,the bane chronicles the bane chronicles 111,44.73,4.0,fantasy,in stock
books.toscrape,the badass librarians of timbuktu and their race to save the worlds most precious manuscripts,15.77,1.0,nonfiction,in stock
books.toscrape,the 14th colony cotton malone 11,39.24,1.0,thriller,in stock
books.toscrape,that darkness gardiner and renner 1,13.92,1.0,mystery,in stock
books.toscrape,tastes like fear di marnie rome 3,10.69,1.0,mystery,in stock
books.toscrape,take me with you,45.21,3.0,fiction,in stock
books.toscrape,swell a year of waves,45.58,1.0,nonfiction,in stock
books.toscrape,superman vol 1 before truth superman by gene luen yang 1,11.89,5.0,sequential art,in stock
books.toscrape,still life with bread crumbs,26.41,3.0,fiction,in stock
books.toscrape,steve jobs,39.5,5.0,default,in stock
books.toscrape,sorting the beef from the bull the science of food fraud forensics,44.74,4.0,science,in stock
books.toscrape,someone like you the harrisons 2,52.79,5.0,contemporary,in stock
books.toscrape,so cute it hurts vol 6 so cute it hurts 6,35.43,4.0,sequential art,in stock
books.toscrape,shtum,55.84,4.0,fiction,in stock
books.toscrape,see america a celebration of our national parks  treasured sites,48.87,3.0,travel,in stock
books.toscrape,salt,46.78,4.0,poetry,in stock
books.toscrape,robin war,47.82,3.0,sequential art,in stock
books.toscrape,red hoodarsenal vol 1 open for business red hoodarsenal 1,25.48,2.0,sequential art,in stock
books.toscrape,rain fish,23.57,3.0,childrens,in stock
books.toscrape,quarter life poetry poems for the young broke and hangry,50.89,5.0,poetry,in stock
books.toscrape,pet sematary,10.56,3.0,horror,in stock
books.toscrape,overload how to unplug unwind and unleash yourself from the pressure of stress,52.15,3.0,self help,in stock
books.toscrape,once was a time,18.28,2.0,childrens,in stock
books.toscrape,old school diary of a wimpy kid 10,11.83,5.0,humor,in stock
books.toscrape,no dream is too high life lessons from a man who walked on the moon,21.95,2.0,nonfiction,in stock
books.toscrape,naruto 3in1 edition vol 14 includes vols 40 41  42 naruto omnibus 14,38.39,2.0,sequential art,in stock
books.toscrape,my name is lucy barton,41.56,1.0,fiction,in stock
books.toscrape,my mrs brown,24.48,3.0,fiction,in stock
books.toscrape,my kind of crazy,40.36,1.0,young adult,in stock
books.toscrape,mr mercedes bill hodges trilogy 1,28.9,1.0,fiction,in stock
books.toscrape,more than music chasing the dream 1,37.61,2.0,add a comment,in stock
books.toscrape,made to stick why some ideas survive and others die,38.85,5.0,business,in stock
books.toscrape,luis paints the world,53.95,3.0,childrens,in stock
books.toscrape,luckiest girl alive,49.83,3.0,default,in stock
books.toscrape,lowriders to the center of the earth lowriders in space 2,51.51,2.0,sequential art,in stock
books.toscrape,love is a mix tape music 1,18.03,1.0,music,in stock
books.toscrape,looking for lovely collecting the moments that matter,29.14,5.0,nonfiction,in stock
books.toscrape,living leadership by insight a good leader achieves a great leader builds monuments,46.91,4.0,default,in stock
books.toscrape,let it out a journey through journaling,26.79,5.0,nonfiction,in stock
books.toscrape,lady midnight the dark artifices 1,16.28,5.0,default,in stock
books.toscrape,its all easy healthy delicious weeknight meals in under 30 minutes,19.55,1.0,food and drink,in stock
books.toscrape,island of dragons unwanteds 7,29.65,1.0,fantasy,in stock
books.toscrape,i know what im doing  and other lies i tell myself dispatches from a life under construction,25.98,4.0,humor,in stock
books.toscrape,i am pilgrim pilgrim 1,10.6,4.0,fiction,in stock
books.toscrape,hyperbole and a half unfortunate situations flawed coping mechanisms mayhem and other things that happened,14.75,5.0,humor,in stock
books.toscrape,hush hush hush hush 1,47.02,3.0,default,in stock
books.toscrape,hold your breath search and rescue 1,28.82,1.0,romance,in stock
books.toscrape,hamilton the revolution,58.79,3.0,nonfiction,in stock
books.toscrape,greek mythic history,10.23,5.0,default,in stock
books.toscrape,god the most unpleasant character in all fiction,30.03,5.0,religion,in stock
books.toscrape,glory over everything beyond the kitchen house,45.84,3.0,historical fiction,in stock
books.toscrape,feathers displays of brilliant plumage,49.05,3.0,art,in stock
books.toscrape,far  away places on the brink of change seven continents twentyfive years,15.06,4.0,nonfiction,in stock
books.toscrape,every last word,46.47,3.0,default,in stock
books.toscrape,eligible the austen project 4,27.09,3.0,fiction,in stock
books.toscrape,el deafo,57.62,5.0,sequential art,in stock
books.toscrape,eight hundred grapes,14.39,4.0,fiction,in stock
books.toscrape,eaternity more than 150 deliciously easy vegan recipes for a long healthy satisfied joyful life,51.75,5.0,nonfiction,in stock
books.toscrape,eat fat get thin,54.07,2.0,health,in stock
books.toscrape,dont get caught,55.35,1.0,young adult,in stock
books.toscrape,doctor sleep the shining 2,40.12,2.0,horror,in stock
books.toscrape,demigods  magicians percy and annabeth meet the kanes percy jackson  kane chronicles crossover 13,37.51,5.0,fantasy,in stock
books.toscrape,dear mr knightley,11.21,5.0,fiction,in stock
books.toscrape,daily fantasy sports,36.58,1.0,default,in stock
books.toscrape,crazy love overwhelmed by a relentless god,47.72,2.0,christian,in stock
books.toscrape,cometh the hour the clifton chronicles 6,25.01,3.0,fiction,in stock
books.toscrape,code name verity code name verity 1,22.13,4.0,add a comment,in stock
books.toscrape,clockwork angel the infernal devices 1,44.14,1.0,default,in stock
books.toscrape,city of glass the mortal instruments 3,56.02,4.0,fantasy,in stock
books.toscrape,city of fallen angels the mortal instruments 4,11.23,4.0,default,in stock
books.toscrape,city of bones the mortal instruments 1,43.28,1.0,default,in stock
books.toscrape,city of ashes the mortal instruments 2,47.27,1.0,default,in stock
books.toscrape,cell,20.29,4.0,add a comment,in stock
books.toscrape,catching jordan hundred oaks,50.83,3.0,young adult,in stock
books.toscrape,carry on warrior thoughts on life unarmed,31.85,3.0,default,in stock
books.toscrape,carrie,46.23,2.0,default,in stock
books.toscrape,buying in the secret dialogue between what we buy and who we are,37.8,4.0,nonfiction,in stock
books.toscrape,brain on fire my month of madness,49.32,5.0,nonfiction,in stock
books.toscrape,batman europa,32.01,2.0,sequential art,in stock
books.toscrape,barefoot contessa back to basics,28.01,1.0,food and drink,in stock
books.toscrape,barefoot contessa at home everyday recipes youll make over and over again,50.62,5.0,food and drink,in stock
books.toscrape,balloon animals,17.03,3.0,fiction,in stock
books.toscrape,art ops vol 1,48.8,3.0,sequential art,in stock
books.toscrape,aristotle and dante discover the secrets of the universe aristotle and dante discover the secrets of the universe 1,58.14,4.0,young adult,in stock
books.toscrape,angels walking angels walking 1,34.2,2.0,add a comment,in stock
books.toscrape,angels  demons robert langdon 1,51.48,3.0,default,in stock
books.toscrape,all the light we cannot see,29.87,5.0,historical,in stock
books.toscrape,adulthood is a myth a sarahs scribbles collection,10.9,2.0,sequential art,in stock
books.toscrape,abstract city,56.37,5.0,nonfiction,in stock
books.toscrape,a time of torment charlie parker 14,48.35,5.0,mystery,in stock
books.toscrape,a study in scarlet sherlock holmes 1,16.73,2.0,mystery,in stock
books.toscrape,a series of catastrophes and miracles a true story of love science and cancer,56.48,2.0,add a comment,in stock
books.toscrape,a peoples history of the united states,40.79,2.0,add a comment,in stock
books.toscrape,a man called ove,39.72,1.0,fiction,in stock
books.toscrape,a distant mirror the calamitous 14th century,14.58,3.0,history,in stock
books.toscrape,a brush of wings angels walking 3,55.51,1.0,add a comment,in stock
books.toscrape,1491 new revelations of the americas before columbus,21.8,3.0,history,in stock
books.toscrape,the three searches meaning and the story,13.33,3.0,default,in stock
books.toscrape,searching for meaning in gailana,38.73,1.0,fantasy,in stock
books.toscrape,rook,37.86,4.0,add a comment,in stock
books.toscrape,my kitchen year 136 recipes that saved my life,11.53,2.0,food and drink,in stock
books.toscrape,13 hours the inside account of what really happened in benghazi,27.06,1.0,nonfiction,in stock
books.toscrape,will you wont you want me,13.86,3.0,womens fiction,in stock
books.toscrape,tipping point for planet earth how close are we to the edge,37.55,1.0,science,in stock
books.toscrape,the silent sister riley macpherson 1,46.29,5.0,fiction,in stock
books.toscrape,the midnight watch a novel of the titanic and the californian,26.2,1.0,add a comment,in stock
books.toscrape,the lonely city adventures in the art of being alone,33.26,2.0,nonfiction,in stock
books.toscrape,the gray rhino how to recognize and act on the obvious dangers we ignore,59.15,4.0,add a comment,in stock
books.toscrape,the golden condom and other essays on love lost and found,39.43,1.0,psychology,in stock
books.toscrape,the epidemic the program 06,14.44,5.0,young adult,in stock
books.toscrape,the dinner party,56.54,2.0,fiction,in stock
books.toscrape,the diary of a young girl,59.9,3.0,nonfiction,in stock
books.toscrape,the children,11.88,3.0,add a comment,in stock
books.toscrape,stars above the lunar chronicles 45,48.05,2.0,young adult,in stock
books.toscrape,snatched how a drug queen went undercover for the dea and was kidnapped by colombian guerillas,21.21,3.0,nonfiction,in stock
books.toscrape,raspberry pi electronics projects for the evil genius,49.67,4.0,default,in stock
books.toscrape,quench your own thirst business lessons learned over a beer or two,43.14,1.0,business,in stock
books.toscrape,psycho sanitarium psycho 15,36.97,5.0,horror,in stock
books.toscrape,poisonous max revere novels 3,26.8,3.0,mystery,in stock
books.toscrape,one with you crossfire 5,15.71,4.0,add a comment,in stock
books.toscrape,no love allowed dodge cove 1,54.65,4.0,young adult,in stock
books.toscrape,murder at the 42nd street library raymond ambler 1,54.36,4.0,mystery,in stock
books.toscrape,most wanted,35.28,3.0,mystery,in stock
books.toscrape,love lies and spies,20.55,2.0,historical fiction,in stock
books.toscrape,how to speak golf an illustrated guide to links lingo,58.32,5.0,default,in stock
books.toscrape,hide away eve duncan 20,11.84,1.0,mystery,in stock
books.toscrape,furiously happy a funny book about horrible things,41.46,4.0,nonfiction,in stock
books.toscrape,everyday italian 125 simple and delicious recipes,20.1,5.0,food and drink,in stock
books.toscrape,equal is unfair americas misguided fight against income inequality,56.86,1.0,politics,in stock
books.toscrape,eleanor  park,56.51,5.0,default,in stock
books.toscrape,dirty dive bar 1,40.83,4.0,romance,in stock
books.toscrape,can you keep a secret fear street relaunch 4,48.64,1.0,horror,in stock
books.toscrape,boar island anna pigeon 19,59.48,3.0,mystery,in stock
books.toscrape,a paris apartment,39.01,4.0,historical fiction,in stock
books.toscrape,a la mode 120 recipes in 60 pairings pies tarts cakes crisps and more topped with ice cream gelato frozen custard and more,38.77,1.0,food and drink,in stock
books.toscrape,troublemaker surviving hollywood and scientology,48.39,2.0,default,in stock
books.toscrape,the widow,27.26,2.0,mystery,in stock
books.toscrape,the sleep revolution transforming your life one night at a time,11.68,4.0,nonfiction,in stock
books.toscrape,the improbability of love,59.45,1.0,fiction,in stock
books.toscrape,the art of startup fundraising,21.0,3.0,business,in stock
books.toscrape,take me home tonight rock star romance 3,53.98,3.0,romance,in stock
books.toscrape,sleeping giants themis files 1,48.74,1.0,science fiction,in stock
books.toscrape,setting the world on fire the brief astonishing life of st catherine of siena,21.15,2.0,biography,in stock
books.toscrape,playing with fire,13.71,3.0,mystery,in stock
books.toscrape,off the hook fishing for trouble 1,47.67,3.0,romance,in stock
books.toscrape,mothering sunday,13.34,2.0,fiction,in stock
books.toscrape,mother can you not,16.89,5.0,nonfiction,in stock
books.toscrape,m train,27.18,1.0,autobiography,in stock
books.toscrape,lilac girls,17.28,2.0,historical fiction,in stock
books.toscrape,lies and other acts of love,45.14,1.0,fiction,in stock
books.toscrape,lab girl,40.85,1.0,autobiography,in stock
books.toscrape,keep me posted,20.46,4.0,womens fiction,in stock
books.toscrape,it didnt start with you how inherited family trauma shapes who we are and how to end the cycle,56.27,3.0,psychology,in stock
books.toscrape,grey fifty shades 4,48.49,4.0,womens fiction,in stock
books.toscrape,exit pursued by a bear,51.34,4.0,young adult,in stock
books.toscrape,daredevils,16.34,3.0,fiction,in stock
books.toscrape,cravings recipes for what you want to eat,20.5,3.0,food and drink,in stock
books.toscrape,born for this how to find the work you were meant to do,21.59,5.0,business,in stock
books.toscrape,arena,21.36,4.0,science fiction,in stock
books.toscrape,adultery,20.88,5.0,default,in stock
books.toscrape,a mothers reckoning living in the aftermath of tragedy,19.53,3.0,nonfiction,in stock
books.toscrape,a gentlemans position society of gentlemen 3,14.75,5.0,romance,in stock
books.toscrape,112263,48.48,3.0,fiction,in stock
books.toscrape,10 happier how i tamed the voice in my head reduced stress without losing my edge and found selfhelp that actually works,24.57,2.0,nonfiction,in stock
books.toscrape,10day green smoothie cleanse lose up to 15 pounds in 10 days,49.71,5.0,health,in stock
books.toscrape,without shame,48.27,5.0,add a comment,in stock
books.toscrape,watchmen,58.05,4.0,add a comment,in stock
books.toscrape,unlimited intuition now,58.87,4.0,default,in stock
books.toscrape,underlying notes,11.82,2.0,default,in stock
books.toscrape,the shack,28.03,1.0,fiction,in stock
books.toscrape,the new brand you your new image makes the sale for you,44.05,5.0,default,in stock
books.toscrape,the moosewood cookbook recipes from moosewood restaurant ithaca new york,12.34,4.0,food and drink,in stock
books.toscrape,the flowers lied,16.68,2.0,default,in stock
books.toscrape,the fabric of the cosmos space time and the texture of reality,55.91,1.0,science,in stock
books.toscrape,the book of mormon,24.57,3.0,religion,in stock
books.toscrape,the art and science of low carbohydrate living,52.98,5.0,health,in stock
books.toscrape,the alien club,54.4,1.0,young adult,in stock
books.toscrape,suzie snowflake one beautiful flake a selfesteem story,54.81,5.0,novels,in stock
books.toscrape,naparoo,25.08,1.0,childrens,in stock
books.toscrape,nano what now finding your editing process revising your nanowrimo book and building a writing career through publishing and beyond,10.41,4.0,default,in stock
books.toscrape,modern day fables,47.44,2.0,default,in stock
books.toscrape,if i gave you gods phone number searching for spirituality in america,20.91,1.0,spirituality,in stock
books.toscrape,fruits basket vol 9 fruits basket 9,33.95,4.0,sequential art,in stock
books.toscrape,dress your family in corduroy and denim,43.68,3.0,humor,in stock
books.toscrape,dont forget steven,33.23,1.0,young adult,in stock
books.toscrape,chernobyl 012340 the incredible true story of the worlds worst nuclear disaster,35.92,2.0,nonfiction,in stock
books.toscrape,art and fear observations on the perils and rewards of artmaking,48.63,4.0,art,in stock
books.toscrape,a shard of ice the black symphony saga 1,56.63,3.0,fantasy,in stock
books.toscrape,a heros curse the unseen chronicles 1,50.49,3.0,add a comment,in stock
books.toscrape,23 degrees south a tropical tale of changing whether,35.79,2.0,add a comment,in stock
books.toscrape,zero to one notes on startups or how to build the future,34.06,3.0,nonfiction,in stock
books.toscrape,why not me,17.76,1.0,nonfiction,in stock
books.toscrape,when breath becomes air,39.36,2.0,nonfiction,in stock
books.toscrape,vagabonding an uncommon guide to the art of longterm world travel,36.94,2.0,travel,in stock
books.toscrape,the unlikely pilgrimage of harold fry harold fry 1,43.62,5.0,default,in stock
books.toscrape,the new drawing on the right side of the brain,43.02,3.0,art,in stock
books.toscrape,the midnight assassin panic scandal and the hunt for americas first serial killer,28.45,4.0,nonfiction,in stock
books.toscrape,the martian the martian 1,41.39,2.0,default,in stock
books.toscrape,the high mountains of portugal,51.15,1.0,fiction,in stock
books.toscrape,the grownup,35.88,1.0,short stories,in stock
books.toscrape,the emyth revisited why most small businesses dont work and what to do about it,36.91,1.0,business,in stock
books.toscrape,south of sunshine,28.93,1.0,young adult,in stock
books.toscrape,smarter faster better the secrets of being productive in life and business,38.89,5.0,nonfiction,in stock
books.toscrape,silence in the dark logan point 4,58.33,3.0,suspense,in stock
books.toscrape,shadows of the past logan point 1,39.67,5.0,christian fiction,in stock
books.toscrape,roller girl,14.1,5.0,sequential art,in stock
books.toscrape,rising strong,21.82,3.0,nonfiction,in stock
books.toscrape,proofs of god classical arguments from tertullian to barth,54.21,1.0,philosophy,in stock
books.toscrape,please kill me the uncensored oral history of punk,31.19,4.0,music,in stock
books.toscrape,out of print city lights spotlight no 14,53.64,5.0,poetry,in stock
books.toscrape,my life next door my life next door,36.39,5.0,young adult,in stock
books.toscrape,millers valley,58.54,2.0,fiction,in stock
books.toscrape,mans search for meaning,29.48,3.0,nonfiction,in stock
books.toscrape,love that boy what two presidents eight road trips and my son taught me about a parents expectations,25.06,2.0,nonfiction,in stock
books.toscrape,living forward a proven plan to stop drifting and get the life you want,12.55,3.0,nonfiction,in stock
books.toscrape,les fleurs du mal,29.04,5.0,poetry,in stock
books.toscrape,left behind left behind 1,40.72,2.0,default,in stock
books.toscrape,kill em and leave searching for james brown and the american soul,45.05,5.0,music,in stock
books.toscrape,kierkegaard a christian missionary to christians,47.13,1.0,philosophy,in stock
books.toscrape,john vassos industrial design for modern life,20.22,4.0,default,in stock
books.toscrape,ill give you the sun,56.48,1.0,default,in stock
books.toscrape,i will find you,44.21,1.0,nonfiction,in stock
books.toscrape,hystopia a novel,21.96,4.0,fiction,in stock
books.toscrape,howl and other poems,40.45,2.0,poetry,in stock
books.toscrape,history of beauty,10.29,4.0,art,in stock
books.toscrape,heaven is for real a little boys astounding story of his trip to heaven and back,52.86,2.0,default,in stock
books.toscrape,future shock future shock 1,55.65,5.0,young adult,in stock
books.toscrape,enders game the ender quintet 1,43.64,1.0,default,in stock
books.toscrape,diary of a citizen scientist chasing tiger beetles and other new ways of engaging the world,28.41,1.0,science,in stock
books.toscrape,death by leisure a cautionary tale,37.51,4.0,default,in stock
books.toscrape,brilliant beacons a history of the american lighthouse,11.45,3.0,history,in stock
books.toscrape,brazen the courage to find the you thats been hiding,19.22,2.0,nonfiction,in stock
books.toscrape,between the world and me,56.91,4.0,nonfiction,in stock
books.toscrape,being mortal medicine and what matters in the end,55.06,4.0,nonfiction,in stock
books.toscrape,a murder over a girl justice gender junior high,13.2,3.0,nonfiction,in stock
books.toscrape,32 yolks,53.63,2.0,food and drink,in stock
books.toscrape,most blessed of the patriarchs thomas jefferson and the empire of the imagination,44.48,5.0,history,in stock
books.toscrape,you are a badass how to stop doubting your greatness and start living an awesome life,12.08,3.0,self help,in stock
books.toscrape,wildlife of new york a fiveborough coloring book,22.14,2.0,default,in stock
books.toscrape,what happened on beale street secrets of the south mysteries 2,25.37,5.0,mystery,in stock
books.toscrape,unreasonable hope finding faith in the god who brings purpose to your pain,46.33,2.0,spirituality,in stock
books.toscrape,under the tuscan sun,37.33,3.0,travel,in stock
books.toscrape,toddlers are aholes its not your fault,25.55,1.0,humor,in stock
books.toscrape,the year of living biblically one mans humble quest to follow the bible as literally as possible,34.72,1.0,default,in stock
books.toscrape,the whale,35.96,4.0,childrens,in stock
books.toscrape,the story of art,41.14,4.0,art,in stock
books.toscrape,the origin of species,10.01,4.0,science,in stock
books.toscrape,the great gatsby,36.05,4.0,default,in stock
books.toscrape,the good girl,49.03,3.0,default,in stock
books.toscrape,the glass castle,16.24,1.0,add a comment,in stock
books.toscrape,the faith of christopher hitchens the restless soul of the worlds most notorious atheist,39.55,1.0,biography,in stock
books.toscrape,the drowning girls,35.67,3.0,add a comment,in stock
books.toscrape,the constant princess the tudor court 1,16.62,3.0,historical fiction,in stock
books.toscrape,the bourne identity jason bourne 1,42.78,4.0,fiction,in stock
books.toscrape,the bachelor girls guide to murder herringford and watts mysteries 1,52.3,5.0,mystery,in stock
books.toscrape,the art book,32.34,2.0,art,in stock
books.toscrape,the 7 habits of highly effective people powerful lessons in personal change,33.17,4.0,default,in stock
books.toscrape,team of rivals the political genius of abraham lincoln,20.12,5.0,add a comment,in stock
books.toscrape,steal like an artist 10 things nobody told you about being creative,20.9,2.0,default,in stock
books.toscrape,sit stay love,20.9,3.0,romance,in stock
books.toscrape,sister dear,40.2,4.0,fiction,in stock
books.toscrape,shrunken treasures literary classics short sweet and silly,52.87,3.0,childrens,in stock
books.toscrape,rich dad poor dad,51.74,1.0,business,in stock
books.toscrape,raymie nightingale,34.41,2.0,childrens,in stock
books.toscrape,playing from the heart,32.38,1.0,childrens,in stock
books.toscrape,nightstruck a novel,50.35,4.0,young adult,in stock
books.toscrape,naturally lean 125 nourishing glutenfree plantbased recipesall under 300 calories,11.38,5.0,food and drink,in stock
books.toscrape,meternity,43.58,3.0,womens fiction,in stock
books.toscrape,memoirs of a geisha,49.67,3.0,fiction,in stock
books.toscrape,like never before walker family 2,28.77,2.0,christian fiction,in stock
books.toscrape,life of pi,13.22,4.0,default,in stock
books.toscrape,leave this song behind teen poetry at its best,51.17,5.0,poetry,in stock
books.toscrape,kings folly the kinsman chronicles 1,39.61,5.0,fantasy,in stock
books.toscrape,john adams,57.43,4.0,add a comment,in stock
books.toscrape,how to cook everything vegetarian simple meatless recipes for great food how to cook everything,46.01,4.0,food and drink,in stock
books.toscrape,how to be a domestic goddess baking and the art of comfort cooking,28.25,2.0,food and drink,in stock
books.toscrape,good in bed cannie shapiro 1,37.05,5.0,add a comment,in stock
books.toscrape,fruits basket vol 7 fruits basket 7,19.57,1.0,sequential art,in stock
books.toscrape,for the love fighting for grace in a world of impossible standards,45.13,3.0,nonfiction,in stock
books.toscrape,finding god in the ruins how god redeems pain,46.64,2.0,nonfiction,in stock
books.toscrape,every heart a doorway every heart a doorway 1,12.16,5.0,fantasy,in stock
books.toscrape,delivering the truth quaker midwife mystery 1,20.89,4.0,mystery,in stock
books.toscrape,counted with the stars out from egypt 1,17.97,5.0,christian fiction,in stock
books.toscrape,chronicles vol 1,52.6,2.0,music,in stock
books.toscrape,blue like jazz nonreligious thoughts on christian spirituality,25.77,1.0,christian,in stock
books.toscrape,benjamin franklin an american life,48.19,3.0,biography,in stock
books.toscrape,at the existentialist caf freedom being and apricot cocktails with jeanpaul sartre simone de beauvoir albert camus martin heidegger edmund husserl karl jaspers maurice merleauponty and others,29.93,5.0,philosophy,in stock
books.toscrape,a summer in europe,44.34,2.0,travel,in stock
books.toscrape,a short history of nearly everything,52.4,5.0,history,in stock
books.toscrape,a gathering of shadows shades of magic 2,44.81,4.0,fantasy,in stock
books.toscrape,the sound of love,57.84,5.0,default,in stock
books.toscrape,the rise and fall of the third reich a history of nazi germany,39.67,2.0,history,in stock
books.toscrape,the perks of being a wallflower,55.02,3.0,default,in stock
books.toscrape,the mysterious affair at styles hercule poirot 1,24.8,4.0,mystery,in stock
books.toscrape,the man who mistook his wife for a hat and other clinical tales,59.45,4.0,nonfiction,in stock
books.toscrape,the makings of a fatherless child,31.58,2.0,default,in stock
books.toscrape,the joy of cooking,43.27,4.0,add a comment,in stock
books.toscrape,the invention of wings,37.34,1.0,historical fiction,in stock
books.toscrape,the hobbit middleearth universe,17.8,5.0,default,in stock
books.toscrape,the great railway bazaar,30.54,1.0,travel,in stock
books.toscrape,the golden compass his dark materials 1,18.77,1.0,add a comment,in stock
books.toscrape,the god delusion,46.85,3.0,add a comment,in stock
books.toscrape,the girl you left behind the girl you left behind 1,15.79,1.0,historical,in stock
books.toscrape,the fellowship of the ring the lord of the rings 1,10.27,2.0,default,in stock
books.toscrape,the collected poems of wb yeats the collected works of wb yeats 1,15.42,5.0,poetry,in stock
books.toscrape,the barefoot contessa cookbook,59.92,5.0,food and drink,in stock
books.toscrape,tell the wolves im home,50.96,2.0,young adult,in stock
books.toscrape,ship leaves harbor essays on travel by a recovering journeyman,30.6,3.0,default,in stock
books.toscrape,pride and prejudice,19.27,4.0,add a comment,in stock
books.toscrape,musicophilia tales of music and the brain,46.58,1.0,default,in stock
books.toscrape,mere christianity,48.51,3.0,add a comment,in stock
books.toscrape,me before you me before you 1,19.02,1.0,fiction,in stock
books.toscrape,in the woods dublin murder squad 1,38.38,2.0,mystery,in stock
books.toscrape,in cold blood,49.98,4.0,nonfiction,in stock
books.toscrape,how to stop worrying and start living,46.49,5.0,self help,in stock
books.toscrape,give it back,18.32,2.0,thriller,in stock
books.toscrape,girl interrupted,42.14,3.0,nonfiction,in stock
books.toscrape,fun home a family tragicomic,56.59,4.0,add a comment,in stock
books.toscrape,fruits basket vol 6 fruits basket 6,20.96,4.0,sequential art,in stock
books.toscrape,deception point,40.32,4.0,fiction,in stock
books.toscrape,death note vol 6 giveandtake death note 6,36.39,3.0,sequential art,in stock
books.toscrape,catherine the great portrait of a woman,58.55,4.0,history,in stock
books.toscrape,better homes and gardens new cook book,39.61,3.0,food and drink,in stock
books.toscrape,an unquiet mind a memoir of moods and madness,21.3,3.0,psychology,in stock
books.toscrape,a year in provence provence 1,56.88,4.0,travel,in stock
books.toscrape,world without end the pillars of the earth 2,32.97,4.0,historical fiction,in stock
books.toscrape,will grayson will grayson will grayson will grayson,47.31,4.0,young adult,in stock
books.toscrape,why save the bankers and other essays on our economic and political crisis,48.67,2.0,nonfiction,in stock
books.toscrape,where she went if i stay 2,41.73,4.0,young adult,in stock
books.toscrape,what if serious scientific answers to absurd hypothetical questions,53.68,4.0,default,in stock
books.toscrape,two summers,14.64,1.0,young adult,in stock
books.toscrape,this is your brain on music the science of a human obsession,38.4,1.0,music,in stock
books.toscrape,the secret garden,15.08,4.0,classics,in stock
books.toscrape,the raven king the raven cycle 4,30.57,2.0,add a comment,in stock
books.toscrape,the raven boys the raven cycle 1,57.74,4.0,fantasy,in stock
books.toscrape,the power greens cookbook 140 delicious superfood recipes,11.05,5.0,food and drink,in stock
books.toscrape,the metamorphosis,28.58,1.0,classics,in stock
books.toscrape,the mathews men seven brothers and the war against hitlers uboats,42.91,5.0,history,in stock
books.toscrape,the little paris bookshop,24.73,3.0,fiction,in stock
books.toscrape,the hiding place,55.91,4.0,history,in stock
books.toscrape,the grand design,13.76,3.0,science,in stock
books.toscrape,the firm,45.56,3.0,fiction,in stock
books.toscrape,the fault in our stars,47.22,1.0,default,in stock
books.toscrape,the false prince the ascendance trilogy 1,56.0,5.0,fantasy,in stock
books.toscrape,the expatriates,44.58,2.0,fiction,in stock
books.toscrape,the dream thieves the raven cycle 2,34.5,1.0,default,in stock
books.toscrape,the darkest corners,11.33,5.0,young adult,in stock
books.toscrape,the crossover,38.77,4.0,poetry,in stock
books.toscrape,the 5th wave the 5th wave 1,11.83,2.0,default,in stock
books.toscrape,tell the wind and fire,45.51,3.0,fantasy,in stock
books.toscrape,tell me three things,41.81,1.0,young adult,in stock
books.toscrape,talking to girls about duran duran one young mans quest for true love and a cooler haircut,25.15,4.0,nonfiction,in stock
books.toscrape,siddhartha,34.22,5.0,fiction,in stock
books.toscrape,shiver the wolves of mercy falls 1,16.23,5.0,default,in stock
books.toscrape,remember me,11.48,3.0,default,in stock
books.toscrape,red dragon hannibal lecter 1,23.37,3.0,horror,in stock
books.toscrape,peak secrets from the new science of expertise,16.28,2.0,science,in stock
books.toscrape,my mother was nuts,31.63,4.0,nonfiction,in stock
books.toscrape,mexican today new and rediscovered recipes for contemporary kitchens,24.91,5.0,food and drink,in stock
books.toscrape,maybe something beautiful how art transformed a neighborhood,22.54,1.0,childrens,in stock
books.toscrape,lola and the boy next door anna and the french kiss 2,23.63,4.0,young adult,in stock
books.toscrape,logan kade fallen crest high 55,13.12,2.0,academic,in stock
books.toscrape,last one home new beginnings 1,59.98,3.0,fiction,in stock
books.toscrape,killing floor jack reacher 1,31.49,4.0,thriller,in stock
books.toscrape,kill the boy band,15.52,5.0,young adult,in stock
books.toscrape,isla and the happily ever after anna and the french kiss 3,48.13,5.0,young adult,in stock
books.toscrape,if i stay if i stay 1,38.13,5.0,default,in stock
books.toscrape,i know why the caged bird sings maya angelous autobiography 1,36.55,2.0,default,in stock
books.toscrape,harry potter and the deathly hallows harry potter 7,23.32,1.0,default,in stock
books.toscrape,fruits basket vol 5 fruits basket 5,16.33,1.0,sequential art,in stock
books.toscrape,foundation foundation publication order 1,32.42,1.0,science fiction,in stock
books.toscrape,fool me once,16.96,1.0,default,in stock
books.toscrape,find her detective dd warren 8,22.37,1.0,add a comment,in stock
books.toscrape,evicted poverty and profit in the american city,42.27,1.0,add a comment,in stock
books.toscrape,drama,38.7,2.0,default,in stock
books.toscrape,dracula the undead,35.63,5.0,horror,in stock
books.toscrape,digital fortress,58.0,5.0,fiction,in stock
books.toscrape,death note vol 5 whiteout death note 5,52.41,1.0,sequential art,in stock
books.toscrape,data a love story how i gamed online dating to meet my match,32.35,3.0,nonfiction,in stock
books.toscrape,critique of pure reason,20.75,1.0,philosophy,in stock
books.toscrape,booked,17.49,5.0,poetry,in stock
books.toscrape,blue lily lily blue the raven cycle 3,34.13,5.0,default,in stock
books.toscrape,approval junkie adventures in caring too much,58.81,5.0,autobiography,in stock
books.toscrape,an abundance of katherines,10.0,5.0,young adult,in stock
books.toscrape,americas war for the greater middle east a military history,51.22,2.0,history,in stock
books.toscrape,alight the generations trilogy 2,58.59,4.0,default,in stock
books.toscrape,a girls guide to moving on new beginnings 2,31.3,1.0,romance,in stock
books.toscrape,a game of thrones a song of ice and fire 1,46.42,2.0,add a comment,in stock
books.toscrape,a feast for crows a song of ice and fire 4,17.21,4.0,fantasy,in stock
books.toscrape,a clash of kings a song of ice and fire 2,10.79,3.0,add a comment,in stock
books.toscrape,vogue colors a to z a fashion coloring book,52.35,4.0,default,in stock
books.toscrape,the shining the shining 1,27.88,3.0,default,in stock
books.toscrape,the pilgrims progress,50.26,2.0,classics,in stock
books.toscrape,the perfect play play by play 1,59.99,3.0,romance,in stock
books.toscrape,the passion of dolssa,28.32,5.0,historical fiction,in stock
books.toscrape,the jazz of physics the secret link between music and the structure of the universe,38.71,3.0,nonfiction,in stock
books.toscrape,the hunger games the hunger games 1,29.85,5.0,default,in stock
books.toscrape,the hound of the baskervilles sherlock holmes 5,14.82,2.0,classics,in stock
books.toscrape,the gunning of america business and the making of american gun culture,16.81,4.0,nonfiction,in stock
books.toscrape,the geography of bliss one grumps search for the happiest places in the world,28.23,2.0,nonfiction,in stock
books.toscrape,the demonists demonist 1,52.11,2.0,fantasy,in stock
books.toscrape,the demon prince of momochi house vol 4 the demon prince of momochi house 4,27.88,2.0,sequential art,in stock
books.toscrape,the bone hunters lexy vaughan  steven macaulay 2,59.71,3.0,thriller,in stock
books.toscrape,the beast black dagger brotherhood 14,46.08,5.0,fantasy,in stock
books.toscrape,some women,13.73,5.0,womens fiction,in stock
books.toscrape,shopaholic ties the knot shopaholic 3,48.39,5.0,womens fiction,in stock
books.toscrape,paper and fire the great library 2,49.45,5.0,fantasy,in stock
books.toscrape,outlander outlander 1,19.67,5.0,default,in stock
books.toscrape,orchestra of exiles the story of bronislaw huberman the israel philharmonic and the one thousand jews he saved from nazi horrors,12.36,3.0,music,in stock
books.toscrape,no one here gets out alive,20.02,5.0,music,in stock
books.toscrape,night shift night shift 120,12.75,4.0,horror,in stock
books.toscrape,needful things,47.51,4.0,horror,in stock
books.toscrape,mockingjay the hunger games 3,20.44,4.0,default,in stock
books.toscrape,misery,34.79,2.0,horror,in stock
books.toscrape,little women little women 1,28.07,4.0,classics,in stock
books.toscrape,it,25.01,3.0,horror,in stock
books.toscrape,harry potter and the sorcerers stone harry potter 1,13.9,3.0,default,in stock
books.toscrape,harry potter and the prisoner of azkaban harry potter 3,24.17,4.0,young adult,in stock
books.toscrape,harry potter and the order of the phoenix harry potter 5,31.63,4.0,fantasy,in stock
books.toscrape,harry potter and the halfblood prince harry potter 6,48.75,5.0,fantasy,in stock
books.toscrape,harry potter and the chamber of secrets harry potter 2,14.74,1.0,fantasy,in stock
books.toscrape,gone with the wind,32.49,3.0,classics,in stock
books.toscrape,god is not great how religion poisons everything,27.8,1.0,nonfiction,in stock
books.toscrape,girl with a pearl earring,26.77,1.0,historical fiction,in stock
books.toscrape,fruits basket vol 4 fruits basket 4,50.44,4.0,sequential art,in stock
books.toscrape,far from true promise falls trilogy 2,34.93,2.0,thriller,in stock
books.toscrape,dark lover black dagger brotherhood 1,12.87,1.0,romance,in stock
books.toscrape,confessions of a shopaholic shopaholic 1,48.94,2.0,default,in stock
books.toscrape,changing the game play by play 2,13.38,3.0,romance,in stock
books.toscrape,candide,58.63,3.0,classics,in stock
books.toscrape,can you keep a secret,21.94,1.0,womens fiction,in stock
books.toscrape,atlas shrugged,26.58,5.0,fiction,in stock
books.toscrape,animal farm,57.22,3.0,classics,in stock
books.toscrape,a walk to remember,56.43,1.0,romance,in stock
books.toscrape,a new earth awakening to your lifes purpose,55.65,5.0,spirituality,in stock
books.toscrape,a history of god the 4000year quest of judaism christianity and islam,27.62,1.0,religion,in stock
books.toscrape,salems lot,49.56,4.0,horror,in stock
books.toscrape,zero history blue ant 3,34.77,1.0,default,in stock
books.toscrape,wuthering heights,17.73,3.0,classics,in stock
books.toscrape,world war z an oral history of the zombie war,21.8,1.0,default,in stock
books.toscrape,wild from lost to found on the pacific crest trail,46.02,3.0,default,in stock
books.toscrape,whered you go bernadette,18.13,1.0,default,in stock
books.toscrape,when you are engulfed in flames,30.89,5.0,humor,in stock
books.toscrape,we the people the modernday figures who have reshaped and affirmed the founding fathers vision of america,31.95,3.0,nonfiction,in stock
books.toscrape,we are all completely beside ourselves,24.04,1.0,contemporary,in stock
books.toscrape,walk the edge thunder road 2,32.36,3.0,young adult,in stock
books.toscrape,voyager outlander 3,21.07,5.0,historical fiction,in stock
books.toscrape,very good lives the fringe benefits of failure and the importance of imagination,50.66,3.0,nonfiction,in stock
books.toscrape,vegan vegetarian omnivore dinner for everyone at the table,13.66,2.0,food and drink,in stock
books.toscrape,unstuffed decluttering your home mind and soul,58.09,1.0,nonfiction,in stock
books.toscrape,under the banner of heaven a story of violent faith,30.0,1.0,nonfiction,in stock
books.toscrape,two boys kissing,32.74,2.0,young adult,in stock
books.toscrape,twilight twilight 1,41.93,2.0,default,in stock
books.toscrape,twenties girl,42.8,2.0,womens fiction,in stock
books.toscrape,trespassing across america one mans epic neverdonebefore and sort of illegal hike across the heartland,53.51,1.0,nonfiction,in stock
books.toscrape,threemartini lunch,23.21,3.0,fiction,in stock
books.toscrape,thinking fast and slow,21.14,1.0,psychology,in stock
books.toscrape,the wild robot,56.07,3.0,childrens,in stock
books.toscrape,the wicked  the divine vol 3 commercial suicide the wicked  the divine,14.41,3.0,sequential art,in stock
books.toscrape,the undomestic goddess,45.75,4.0,womens fiction,in stock
books.toscrape,the travelers,15.77,1.0,thriller,in stock
books.toscrape,the tipping point how little things can make a big difference,10.02,2.0,add a comment,in stock
books.toscrape,the thing about jellyfish,48.77,1.0,childrens,in stock
books.toscrape,the stand,57.86,2.0,horror,in stock
books.toscrape,the smitten kitchen cookbook,23.59,1.0,food and drink,in stock
books.toscrape,the silkworm cormoran strike 2,23.05,5.0,mystery,in stock
books.toscrape,the sandman vol 3 dream country the sandman volumes 3,55.55,5.0,sequential art,in stock
books.toscrape,the rose  the dagger the wrath and the dawn 2,58.64,4.0,fantasy,in stock
books.toscrape,the road to little dribbling adventures of an american in britain notes from a small island 2,23.21,1.0,travel,in stock
books.toscrape,the rise of theodore roosevelt theodore roosevelt 1,42.57,3.0,biography,in stock
books.toscrape,the restaurant at the end of the universe hitchhikers guide to the galaxy 2,10.92,1.0,science fiction,in stock
books.toscrape,the rest is noise listening to the twentieth century,34.77,1.0,add a comment,in stock
books.toscrape,the red tent,35.66,5.0,historical fiction,in stock
books.toscrape,the purpose driven life what on earth am i here for,37.19,3.0,add a comment,in stock
books.toscrape,the purest hook second circle tattoos 3,12.25,1.0,romance,in stock
books.toscrape,the picture of dorian gray,29.7,2.0,classics,in stock
books.toscrape,the paris wife,36.8,3.0,default,in stock
books.toscrape,the obsession,45.43,1.0,romance,in stock
books.toscrape,the nightingale,26.26,4.0,fiction,in stock
books.toscrape,the new guy and other senior year distractions,44.92,3.0,young adult,in stock
books.toscrape,the nanny diaries nanny 1,52.53,5.0,womens fiction,in stock
books.toscrape,the name of god is mercy,37.25,2.0,nonfiction,in stock
books.toscrape,the maze runner the maze runner 1,20.93,1.0,default,in stock
books.toscrape,the lovers dictionary,58.09,2.0,default,in stock
books.toscrape,the lonely ones,43.59,5.0,childrens,in stock
books.toscrape,the lean startup how todays entrepreneurs use continuous innovation to create radically successful businesses,33.92,3.0,business,in stock
books.toscrape,the last painting of sara de vos,55.55,2.0,historical fiction,in stock
books.toscrape,the land of 10000 madonnas,29.64,4.0,young adult,in stock
books.toscrape,the infinities,27.41,1.0,fiction,in stock
books.toscrape,the husbands secret,52.51,5.0,fiction,in stock
books.toscrape,the hitchhikers guide to the galaxy hitchhikers guide to the galaxy 1,47.8,3.0,add a comment,in stock
books.toscrape,the guns of august,14.54,2.0,history,in stock
books.toscrape,the guernsey literary and potato peel pie society,49.53,1.0,historical fiction,in stock
books.toscrape,the goldfinch,43.58,3.0,default,in stock
books.toscrape,the giver the giver quartet 1,12.3,1.0,default,in stock
books.toscrape,the girl with all the gifts,49.47,3.0,horror,in stock
books.toscrape,the girl who played with fire millennium trilogy 2,22.14,2.0,default,in stock
books.toscrape,the girl who kicked the hornets nest millennium trilogy 3,57.48,1.0,add a comment,in stock
books.toscrape,the exiled,43.45,3.0,mystery,in stock
books.toscrape,the end of faith religion terror and the future of reason,22.13,4.0,add a comment,in stock
books.toscrape,the elegant universe superstrings hidden dimensions and the quest for the ultimate theory,13.03,4.0,science,in stock
books.toscrape,the disappearing spoon and other true tales of madness love and the history of the world from the periodic table of the elements,57.35,5.0,science,in stock
books.toscrape,the devil wears prada the devil wears prada 1,44.29,1.0,womens fiction,in stock
books.toscrape,the demonhaunted world science as a candle in the dark,52.25,4.0,default,in stock
books.toscrape,the day the crayons came home crayons,26.33,5.0,childrens,in stock
books.toscrape,the da vinci code robert langdon 2,22.96,2.0,fiction,in stock
books.toscrape,the cuckoos calling cormoran strike 1,19.21,1.0,mystery,in stock
books.toscrape,the complete stories and poems the works of edgar allan poe cameo edition,26.78,4.0,classics,in stock
books.toscrape,the complete poems,41.32,5.0,add a comment,in stock
books.toscrape,the catcher in the rye,24.55,1.0,add a comment,in stock
books.toscrape,the cat in the hat beginner books b1,16.26,2.0,childrens,in stock
books.toscrape,the case for christ cases for christianity,47.84,1.0,add a comment,in stock
books.toscrape,the book thief,53.49,2.0,default,in stock
books.toscrape,the book of basketball the nba according to the sports guy,44.84,5.0,sports and games,in stock
books.toscrape,the blind side evolution of a game,53.71,5.0,add a comment,in stock
books.toscrape,the autobiography of malcolm x,23.43,2.0,default,in stock
books.toscrape,the art of simple food notes lessons and recipes from a delicious revolution,34.32,3.0,food and drink,in stock
books.toscrape,the art of fielding,22.1,1.0,fiction,in stock
books.toscrape,surely youre joking mr feynman adventures of a curious character,25.83,2.0,science,in stock
books.toscrape,stiff the curious lives of human cadavers,36.74,3.0,nonfiction,in stock
books.toscrape,spilled milk based on a true story,49.51,1.0,nonfiction,in stock
books.toscrape,something borrowed darcy  rachel 1,48.96,5.0,womens fiction,in stock
books.toscrape,something blue darcy  rachel 2,54.62,1.0,womens fiction,in stock
books.toscrape,soldier talon 3,24.72,2.0,fantasy,in stock
books.toscrape,shopaholic  baby shopaholic 5,46.45,2.0,default,in stock
books.toscrape,seven days in the art world,52.33,2.0,add a comment,in stock
books.toscrape,seven brief lessons on physics,30.6,4.0,science,in stock
books.toscrape,scarlet the lunar chronicles 2,14.57,4.0,young adult,in stock
books.toscrape,sarahs key,46.29,1.0,add a comment,in stock
books.toscrape,saga volume 3 saga collected editions 3,21.57,5.0,sequential art,in stock
books.toscrape,running with scissors,12.91,4.0,autobiography,in stock
books.toscrape,rogue lawyer rogue lawyer 1,50.11,3.0,add a comment,in stock
books.toscrape,rise of the rocket girls the women who propelled us from missiles to the moon to mars,41.67,4.0,nonfiction,in stock
books.toscrape,rework,44.88,2.0,business,in stock
books.toscrape,reservations for two,11.1,3.0,romance,in stock
books.toscrape,red the true story of red riding hood,28.54,3.0,childrens,in stock
books.toscrape,ready player one,19.07,4.0,science fiction,in stock
books.toscrape,quiet the power of introverts in a world that cant stop talking,43.55,1.0,default,in stock
books.toscrape,prodigy the graphic novel legend the graphic novel 2,43.63,3.0,sequential art,in stock
books.toscrape,persepolis the story of a childhood persepolis 12,39.13,1.0,sequential art,in stock
books.toscrape,packing for mars the curious science of life in the void,56.68,2.0,default,in stock
books.toscrape,outliers the story of success,14.16,1.0,nonfiction,in stock
books.toscrape,original fake,31.45,3.0,sequential art,in stock
books.toscrape,orange is the new black,24.61,2.0,default,in stock
books.toscrape,one for the money stephanie plum 1,32.87,2.0,default,in stock
books.toscrape,notes from a small island notes from a small island 1,40.17,1.0,nonfiction,in stock
books.toscrape,night the night trilogy 1,13.51,1.0,nonfiction,in stock
books.toscrape,neither here nor there travels in europe,38.95,3.0,travel,in stock
books.toscrape,naked,31.69,3.0,humor,in stock
books.toscrape,morning star red rising 3,29.4,1.0,default,in stock
books.toscrape,miracles from heaven a little girl her journey to heaven and her amazing story of healing,57.83,1.0,nonfiction,in stock
books.toscrape,midnight riot peter grant rivers of london  books 1,55.46,2.0,fantasy,in stock
books.toscrape,me talk pretty one day,57.6,2.0,autobiography,in stock
books.toscrape,manuscript found in accra,34.98,2.0,add a comment,in stock
books.toscrape,lust  wonder,11.87,2.0,autobiography,in stock
books.toscrape,lila gilead 3,12.47,3.0,fiction,in stock
books.toscrape,life the universe and everything hitchhikers guide to the galaxy 3,33.26,2.0,science fiction,in stock
books.toscrape,life without a recipe,59.04,5.0,autobiography,in stock
books.toscrape,life after life,26.13,2.0,default,in stock
books.toscrape,letter to a christian nation,22.2,1.0,nonfiction,in stock
books.toscrape,lets pretend this never happened a mostly true memoir,45.11,1.0,nonfiction,in stock
books.toscrape,legend legend 1,43.69,4.0,young adult,in stock
books.toscrape,lean in women work and the will to lead,25.02,1.0,default,in stock
books.toscrape,lamb the gospel according to biff christs childhood pal,55.5,5.0,humor,in stock
books.toscrape,lady renegades rebel belle 3,53.04,5.0,young adult,in stock
books.toscrape,jurassic park jurassic park 1,44.97,1.0,fiction,in stock
books.toscrape,its never too late to begin again discovering creativity and meaning at midlife and beyond,42.38,1.0,nonfiction,in stock
books.toscrape,is everyone hanging out without me and other concerns,20.11,3.0,default,in stock
books.toscrape,into the wild,56.7,5.0,nonfiction,in stock
books.toscrape,inferno robert langdon 4,41.0,5.0,fiction,in stock
books.toscrape,in the garden of beasts love terror and an american family in hitlers berlin,28.85,3.0,nonfiction,in stock
books.toscrape,if i run if i run 1,49.97,4.0,christian fiction,in stock
books.toscrape,ive got your number,19.69,1.0,womens fiction,in stock
books.toscrape,i am malala the girl who stood up for education and was shot by the taliban,28.88,2.0,nonfiction,in stock
books.toscrape,hungry girl clean  hungry easy allnatural recipes for healthy eating in the real world,33.14,3.0,food and drink,in stock
books.toscrape,house of lost worlds dinosaurs dynasties and the story of life on earth,43.7,2.0,history,in stock
books.toscrape,house of leaves,54.89,1.0,horror,in stock
books.toscrape,horrible bear,37.52,2.0,childrens,in stock
books.toscrape,holidays on ice,51.07,2.0,humor,in stock
books.toscrape,heir to the sky,44.07,4.0,fantasy,in stock
books.toscrape,green eggs and ham beginner books b16,10.79,4.0,childrens,in stock
books.toscrape,grayson vol 3 nemesis grayson 3,42.72,1.0,sequential art,in stock
books.toscrape,gratitude,26.66,5.0,nonfiction,in stock
books.toscrape,gone girl,37.6,5.0,default,in stock
books.toscrape,golden heart of dread 3,42.21,4.0,young adult,in stock
books.toscrape,girl in the blue coat,46.83,2.0,historical fiction,in stock
books.toscrape,fruits basket vol 3 fruits basket 3,45.17,2.0,sequential art,in stock
books.toscrape,friday night lights a town a team and a dream,51.22,3.0,sports and games,in stock
books.toscrape,fire bound sea havensisters of the heart 5,21.28,4.0,add a comment,in stock
books.toscrape,fifty shades freed fifty shades 3,15.36,5.0,adult fiction,in stock
books.toscrape,fellside,38.62,1.0,default,in stock
books.toscrape,extreme prey lucas davenport 26,25.4,3.0,mystery,in stock
books.toscrape,eragon the inheritance cycle 1,43.87,3.0,fantasy,in stock
books.toscrape,eclipse twilight 3,18.74,1.0,default,in stock
books.toscrape,dune dune 1,54.86,1.0,science fiction,in stock
books.toscrape,dracula,52.62,3.0,default,in stock
books.toscrape,do androids dream of electric sheep blade runner 1,51.48,1.0,science fiction,in stock
books.toscrape,disrupted my misadventure in the startup bubble,15.28,5.0,nonfiction,in stock
books.toscrape,dead wake the last crossing of the lusitania,39.24,5.0,default,in stock
books.toscrape,david and goliath underdogs misfits and the art of battling giants,17.81,1.0,default,in stock
books.toscrape,darkfever fever 1,56.02,1.0,fantasy,in stock
books.toscrape,dark places,23.9,5.0,default,in stock
books.toscrape,crazy rich asians crazy rich asians 1,49.13,5.0,fiction,in stock
books.toscrape,counting thyme,10.62,1.0,childrens,in stock
books.toscrape,cosmos,36.17,2.0,add a comment,in stock
books.toscrape,civilization and its discontents,59.95,2.0,psychology,in stock
books.toscrape,cinder the lunar chronicles 1,26.09,1.0,young adult,in stock
books.toscrape,catastrophic happiness finding joy in childhoods messy years,37.35,2.0,parenting,in stock
books.toscrape,career of evil cormoran strike 3,24.72,2.0,mystery,in stock
books.toscrape,breaking dawn twilight 4,35.28,5.0,default,in stock
books.toscrape,brave enough,51.32,5.0,nonfiction,in stock
books.toscrape,boy meets boy,21.12,3.0,young adult,in stock
books.toscrape,born to run a hidden tribe superathletes and the greatest race the world has never seen,27.35,2.0,nonfiction,in stock
books.toscrape,blink the power of thinking without thinking,21.74,5.0,nonfiction,in stock
books.toscrape,black flags the rise of isis,40.87,1.0,nonfiction,in stock
books.toscrape,black butler vol 1 black butler 1,49.31,1.0,sequential art,in stock
books.toscrape,big little lies,22.11,1.0,fiction,in stock
books.toscrape,between shades of gray,20.79,5.0,historical fiction,in stock
books.toscrape,best of my love fools gold 20,27.41,2.0,romance,in stock
books.toscrape,beowulf,38.35,2.0,classics,in stock
books.toscrape,beautiful creatures caster chronicles 1,21.55,5.0,default,in stock
books.toscrape,awkward,38.02,2.0,sequential art,in stock
books.toscrape,ash,22.06,4.0,fantasy,in stock
books.toscrape,are we there yet,10.66,3.0,childrens,in stock
books.toscrape,are we smart enough to know how smart animals are,56.58,1.0,nonfiction,in stock
books.toscrape,annie on my mind,36.83,5.0,young adult,in stock
books.toscrape,and then there were none,35.01,2.0,classics,in stock
books.toscrape,a walk in the woods rediscovering america on the appalachian trail,30.48,4.0,nonfiction,in stock
books.toscrape,a visit from the goon squad,14.08,5.0,default,in stock
books.toscrape,a storm of swords a song of ice and fire 3,31.22,2.0,fantasy,in stock
books.toscrape,a heartbreaking work of staggering genius,54.29,5.0,autobiography,in stock
books.toscrape,8 keys to mental health through exercise,31.04,1.0,psychology,in stock
books.toscrape,girlboss,50.96,1.0,add a comment,in stock
books.toscrape,the suffragettes little black classics 96,11.89,2.0,nonfiction,in stock
books.toscrape,the sense of an ending,31.38,3.0,add a comment,in stock
books.toscrape,the sandman vol 2 the dolls house the sandman volumes 2,54.81,1.0,sequential art,in stock
books.toscrape,the course of love,16.78,3.0,fiction,in stock
books.toscrape,sugar rush offensive line 2,24.42,1.0,sports and games,in stock
books.toscrape,saga volume 2 saga collected editions 2,11.75,3.0,sequential art,in stock
books.toscrape,run spot run the ethics of keeping pets,20.02,1.0,philosophy,in stock
books.toscrape,new moon twilight 2,12.86,4.0,young adult,in stock
books.toscrape,life,31.58,5.0,music,in stock
books.toscrape,kindle paperwhite users guide,34.0,3.0,nonfiction,in stock
books.toscrape,h is for hawk,57.42,5.0,nonfiction,in stock
books.toscrape,girl online on tour girl online 2,53.47,1.0,young adult,in stock
books.toscrape,fruits basket vol 2 fruits basket 2,11.64,5.0,sequential art,in stock
books.toscrape,diary of a minecraft zombie book 1 a scare of a dare an unofficial minecraft book,52.88,4.0,childrens,in stock
books.toscrape,y the last man vol 1 unmanned y the last man 1,18.51,4.0,sequential art,in stock
books.toscrape,while you were mine,41.32,5.0,historical fiction,in stock
books.toscrape,where lightning strikes bleeding stars 3,39.77,3.0,romance,in stock
books.toscrape,when im gone,51.96,3.0,fiction,in stock
books.toscrape,ways of seeing,39.51,5.0,art,in stock
books.toscrape,vampire knight vol 1 vampire knight 1,15.4,1.0,paranormal,in stock
books.toscrape,vampire girl vampire girl 1,53.82,2.0,fantasy,in stock
books.toscrape,twenty love poems and a song of despair,30.95,4.0,poetry,in stock
books.toscrape,travels with charley in search of america,57.82,5.0,nonfiction,in stock
books.toscrape,three wishes river of time california 1,44.18,2.0,science fiction,in stock
books.toscrape,this one moment pushing limits 1,48.71,1.0,romance,in stock
books.toscrape,the zombie room,19.69,5.0,default,in stock
books.toscrape,the wicked  the divine vol 1 the faust act the wicked  the divine,36.52,2.0,sequential art,in stock
books.toscrape,the tumor,41.56,5.0,nonfiction,in stock
books.toscrape,the story of hong gildong,43.19,4.0,classics,in stock
books.toscrape,the silent wife,12.34,5.0,fiction,in stock
books.toscrape,the silent twin detective jennifer knight 3,36.25,3.0,fantasy,in stock
books.toscrape,the selfish gene,29.45,1.0,science,in stock
books.toscrape,the secret healer,34.56,3.0,historical fiction,in stock
books.toscrape,the sandman vol 1 preludes and nocturnes the sandman volumes 1,54.12,3.0,sequential art,in stock
books.toscrape,the republic,33.78,3.0,add a comment,in stock
books.toscrape,the odyssey,29.64,3.0,add a comment,in stock
books.toscrape,the no 1 ladies detective agency no 1 ladies detective agency 1,57.7,4.0,mystery,in stock
books.toscrape,the nicomachean ethics,36.34,1.0,philosophy,in stock
books.toscrape,the name of the wind the kingkiller chronicle 1,50.59,3.0,default,in stock
books.toscrape,the mirror  the maze the wrath and the dawn 15,29.38,1.0,fantasy,in stock
books.toscrape,the little prince,45.42,2.0,classics,in stock
books.toscrape,the light of the fireflies,54.43,1.0,add a comment,in stock
books.toscrape,the last girl the dominion trilogy 1,36.26,2.0,science fiction,in stock
books.toscrape,the iliad,16.16,1.0,add a comment,in stock
books.toscrape,the hook up game on 1,36.29,5.0,new adult,in stock
books.toscrape,the haters,27.89,5.0,young adult,in stock
books.toscrape,the girl you lost,12.29,5.0,mystery,in stock
books.toscrape,the girl in the ice dci erika foster 1,15.85,3.0,mystery,in stock
books.toscrape,the end of the jesus era an investigation 1,14.4,1.0,nonfiction,in stock
books.toscrape,the edge of reason bridget jones 2,19.18,4.0,womens fiction,in stock
books.toscrape,the complete maus maus 12,10.64,3.0,sequential art,in stock
books.toscrape,the communist manifesto,14.76,3.0,add a comment,in stock
books.toscrape,the bhagavad gita,57.49,3.0,religion,in stock
books.toscrape,the bette davis club,30.66,3.0,fiction,in stock
books.toscrape,the art of not breathing,40.83,4.0,young adult,in stock
books.toscrape,taking shots assassins 1,18.88,2.0,default,in stock
books.toscrape,starlark,25.83,3.0,historical fiction,in stock
books.toscrape,skip beat vol 01 skip beat 1,42.12,3.0,sequential art,in stock
books.toscrape,sister sable the mad queen 1,13.33,3.0,fantasy,in stock
books.toscrape,shatter me shatter me 1,42.4,1.0,default,in stock
books.toscrape,shameless,58.35,3.0,new adult,in stock
books.toscrape,shadow rites jane yellowrock 10,21.72,4.0,fantasy,in stock
books.toscrape,settling the score the summer games 1,44.91,2.0,sports and games,in stock
books.toscrape,sense and sensibility,37.46,1.0,classics,in stock
books.toscrape,saga volume 1 saga collected editions 1,28.48,1.0,sequential art,in stock
books.toscrape,rhythm chord  malykhin,28.34,2.0,romance,in stock
books.toscrape,rat queens vol 1 sass  sorcery rat queens collected editions 15,46.96,5.0,sequential art,in stock
books.toscrape,paradise lost paradise 1,24.96,1.0,default,in stock
books.toscrape,paper girls vol 1 paper girls 15,21.71,4.0,sequential art,in stock
books.toscrape,ouran high school host club vol 1 ouran high school host club 1,29.87,3.0,sequential art,in stock
books.toscrape,origins alphas 05,28.99,1.0,fantasy,in stock
books.toscrape,one second seven 7,52.94,2.0,fantasy,in stock
books.toscrape,on the road duluoz legend,32.36,3.0,default,in stock
books.toscrape,old records never die one mans quest for his vinyl and his past,55.66,2.0,music,in stock
books.toscrape,off sides off 1,39.45,5.0,new adult,in stock
books.toscrape,of mice and men,47.11,2.0,classics,in stock
books.toscrape,myriad prentor 1,58.75,4.0,fantasy,in stock
books.toscrape,my perfect mistake over the top 1,38.92,2.0,romance,in stock
books.toscrape,ms marvel vol 1 no normal ms marvel 20142015 1,39.39,4.0,sequential art,in stock
books.toscrape,meditations,25.89,2.0,philosophy,in stock
books.toscrape,matilda,28.34,1.0,childrens,in stock
books.toscrape,lost among the living,27.7,4.0,historical fiction,in stock
books.toscrape,lord of the flies,24.89,3.0,add a comment,in stock
books.toscrape,listen to me fusion 1,58.99,3.0,romance,in stock
books.toscrape,kitchens of the great midwest,57.2,5.0,fiction,in stock
books.toscrape,jane eyre,38.43,5.0,default,in stock
books.toscrape,imperfect harmony,34.74,4.0,romance,in stock
books.toscrape,icing aces hockey 2,40.44,4.0,sports and games,in stock
books.toscrape,hawkeye vol 1 my life as a weapon hawkeye 1,45.24,3.0,sequential art,in stock
books.toscrape,having the barbarians baby ice planet barbarians 75,34.96,4.0,science fiction,in stock
books.toscrape,giant days vol 1 giant days 14,56.76,4.0,sequential art,in stock
books.toscrape,fruits basket vol 1 fruits basket 1,40.28,5.0,sequential art,in stock
books.toscrape,frankenstein,38.0,2.0,default,in stock
books.toscrape,forever rockers the rocker 12,28.8,3.0,music,in stock
books.toscrape,fighting fate fighting 6,39.24,3.0,romance,in stock
books.toscrape,emma,32.93,2.0,classics,in stock
books.toscrape,eat pray love,51.32,3.0,nonfiction,in stock
books.toscrape,deep under walker security 1,47.09,5.0,romance,in stock
books.toscrape,choosing our religion the spiritual lives of americas nones,28.42,4.0,religion,in stock
books.toscrape,charlie and the chocolate factory charlie bucket 1,22.85,3.0,childrens,in stock
books.toscrape,charitys cross charles towne belles 4,41.24,1.0,romance,in stock
books.toscrape,bright lines,39.07,5.0,fiction,in stock
books.toscrape,bridget joness diary bridget jones 1,29.82,1.0,womens fiction,in stock
books.toscrape,bounty colorado mountain 7,37.26,4.0,romance,in stock
books.toscrape,blood defense samantha brinkman 1,20.3,3.0,mystery,in stock
books.toscrape,bleach vol 1 strawberry and the soul reapers bleach 1,34.65,5.0,sequential art,in stock
books.toscrape,beyond good and evil,43.38,1.0,philosophy,in stock
books.toscrape,alice in wonderland alices adventures in wonderland 1,55.53,1.0,classics,in stock
books.toscrape,ajin demihuman volume 1 ajin demihuman 1,57.06,4.0,sequential art,in stock
books.toscrape,a spys devotion the regency spies of london 1,16.97,5.0,historical fiction,in stock
books.toscrape,1st to die womens murder club 1,53.98,1.0,mystery,in stock
books.toscrape,1000 places to see before you die,26.08,5.0,travel,in stock
fakestoreapi,fjallraven  foldsack no 1 backpack fits 15 laptops,109.95,3.9,mens clothing,in stock
fakestoreapi,mens casual premium slim fit tshirts,22.3,4.1,mens clothing,in stock
fakestoreapi,mens cotton jacket,55.99,4.7,mens clothing,in stock
fakestoreapi,mens casual slim fit,15.99,2.1,mens clothing,in stock
fakestoreapi,john hardy womens legends naga gold  silver dragon station chain bracelet,695.0,4.6,jewelery,in stock
fakestoreapi,solid gold petite micropave,168.0,3.9,jewelery,in stock
fakestoreapi,white gold plated princess,9.99,3.0,jewelery,in stock
fakestoreapi,pierced owl rose gold plated stainless steel double,10.99,1.9,jewelery,in stock
fakestoreapi,wd 2tb elements portable external hard drive  usb 30,64.0,3.3,electronics,in stock
fakestoreapi,sandisk ssd plus 1tb internal ssd  sata iii 6 gbs,109.0,2.9,electronics,in stock
fakestoreapi,silicon power 256gb ssd 3d nand a55 slc cache performance boost sata iii 25,109.0,4.8,electronics,in stock
fakestoreapi,wd 4tb gaming drive works with playstation 4 portable external hard drive,114.0,4.8,electronics,in stock
fakestoreapi,acer sb220q bi 215 inches full hd 1920 x 1080 ips ultrathin,599.0,2.9,electronics,in stock
fakestoreapi,samsung 49inch chg90 144hz curved gaming monitor lc49hg90dmnxza  super ultrawide screen qled,999.99,2.2,electronics,in stock
fakestoreapi,biylaclesen womens 3in1 snowboard jacket winter coats,56.99,2.6,womens clothing,in stock
fakestoreapi,lock and love womens removable hooded faux leather moto biker jacket,29.95,2.9,womens clothing,in stock
fakestoreapi,rain jacket women windbreaker striped climbing raincoats,39.99,3.8,womens clothing,in stock
fakestoreapi,mbj womens solid short sleeve boat neck v,9.85,4.7,womens clothing,in stock
fakestoreapi,opna womens short sleeve moisture,7.95,4.5,womens clothing,in stock
fakestoreapi,danvouy womens t shirt casual cotton short,12.99,3.6,womens clothing,in stock
nyt_books_rss,martin amis an appreciation,0.0,0.0,amis martin,nan
nyt_books_rss,book review nb by jc by james campbell,0.0,0.0,books and literature,nan
nyt_books_rss,in fires in the dark kay redfield jamison turns to healers,0.0,0.0,jamison kay redfield,nan
nyt_books_rss,the detective novel whose body by dorothy l sayers turns 100,0.0,0.0,books and literature,nan
nyt_books_rss,book review dom casmurro by machado de assis,0.0,0.0,books and literature,nan
nyt_books_rss,book review the late americans by brandon taylor,0.0,0.0,books and literature,nan
nyt_books_rss,martin amiss best books a guide,0.0,0.0,books and literature,nan
nyt_books_rss,the best romance novels of 2024 so far,0.0,0.0,books and literature,nan
nyt_books_rss,what book should you read next,0.0,0.0,books and literature,nan
nyt_books_rss,book review whats with baum by woody allen,0.0,0.0,books and literature,nan
nyt_books_rss,psychedelics blew his mind he wants other philosophers to open theirs,0.0,0.0,psychedelic and hallucinogenic drugs,nan
nyt_books_rss,book review awake by jen hatmaker,0.0,0.0,books and literature,nan
nyt_books_rss,marian burros 92 dies food writer famed for her plum torte and more,0.0,0.0,burros marian,nan
nyt_books_rss,how reese witherspoon figured out who she really is,0.0,0.0,movies,nan
nyt_books_rss,book review the waterbearers by sasha bont,0.0,0.0,books and literature,nan
nyt_books_rss,book review mcnamara at war by william taubman and philip taubman,0.0,0.0,books and literature,nan
nyt_books_rss,mary roach on the timeless appeal of weird science,0.0,0.0,books and literature,nan
nyt_books_rss,charley rosen basketball lifer with a prolific pen dies at 84,0.0,0.0,rosen charley,nan
nyt_books_rss,jane austens birthday party is byob bring your own bonnet,0.0,0.0,austen jane,nan
nyt_books_rss,the books times readers are most excited about this fall,0.0,0.0,books and literature,nan
nyt_books_rss,fox news books gives fox news authors a path to the bestseller list,0.0,0.0,books and literature,nan
nyt_books_rss,new romance books for fans of jane austen,0.0,0.0,books and literature,nan
nyt_books_rss,graphic novels for kids who love to read dav pilkey,0.0,0.0,books and literature,nan
nyt_books_rss,book review 107 days by kamala harris,0.0,0.0,books and literature,nan
nyt_books_rss,takeaways from 107 days kamala harriss new book,0.0,0.0,harris kamala d,nan
nyt_books_rss,8 new books we love this week,0.0,0.0,books and literature,nan
nyt_books_rss,book review discontent by beatriz serrano,0.0,0.0,books and literature,nan
nyt_books_rss,patricia lockwood on her favorite books and her new novel,0.0,0.0,books and literature,nan
nyt_books_rss,with the em dash ai embraces a fading tradition,0.0,0.0,chatgpt,nan
nyt_books_rss,the books we loved this summer,0.0,0.0,books and literature,nan
